semestre,ipvu_real,factor_ajuste
2025-S1,132.0815,1.025
2025-S2,135.38353750000002,1.050625
2026-S1,138.76812593749997,1.0768906249999997
2026-S2,142.23732908593746,1.1038128906249995
